{"count":1,"gauges":{},"self":227.11319039999998,"total":227.3937938,"children":{"AgentResetIfDone":{"count":11350,"self":0.21284609999999998,"total":0.21284609999999998,"children":null},"AgentSendState":{"count":11350,"self":0.0187301,"total":0.0206994,"children":{"CollectObservations":{"count":2838,"self":0.0019692999999999998,"total":0.0019692999999999998,"children":null}}},"DecideAction":{"count":11350,"self":0.0234762,"total":0.0234762,"children":null},"AgentAct":{"count":11350,"self":0.021596,"total":0.021596,"children":null}}}